"id","name","severity","state","version","createdDate","modifiedUserId","lastUpdated","isDeleted","alertType","entityId","customerId","siteId","stationId","attributes"
"64362296-d837-4f2a-a4fe-875861727050","deviceDisconnection Alert for #3 - CSDX165","40","activated",3,"2022-08-10 06:49:12.012759","5f21bc50-45af-47b4-99ba-122b5118d6b5","2022-10-24 08:25:33.359541",False,"deviceDisconnection","98d4234f-9894-489b-9d5d-1b4da487d409","a634dfb1-545c-44a4-9082-be9ecc3b55db","8c20de48-9cfa-4953-9c2e-3a3f817555ba","eb98f226-3101-44db-8f7b-edf8febd0862",NULL
"f64a9bde-264f-4ea8-8239-dae4093f46a5","deviceDisconnection Alert for #4 - Compair L75RS","40","activated",3,"2022-08-10 06:49:12.034499","5f21bc50-45af-47b4-99ba-122b5118d6b5","2022-10-24 08:25:14.815907",False,"deviceDisconnection","3b6362ec-1b20-44f2-898e-3fda8690bbe5","a634dfb1-545c-44a4-9082-be9ecc3b55db","8c20de48-9cfa-4953-9c2e-3a3f817555ba","eb98f226-3101-44db-8f7b-edf8febd0862",NULL
"dd4e9637-1951-433f-8bf7-18bab00e72e6","deviceDisconnection Alert for #5 - Compair L75RS","40","activated",3,"2022-08-10 06:49:10.338254","5f21bc50-45af-47b4-99ba-122b5118d6b5","2022-10-24 08:25:00.831549",False,"deviceDisconnection","fe473c74-741f-4d5f-9a03-14a73f39cd4e","a634dfb1-545c-44a4-9082-be9ecc3b55db","8c20de48-9cfa-4953-9c2e-3a3f817555ba","eb98f226-3101-44db-8f7b-edf8febd0862",NULL
"8aec03c8-7eb9-4f0d-b68a-1fe3010fd5fc","deviceDisconnection Alert for #7 - Boge S125","40","activated",3,"2022-08-10 06:49:11.309659","5f21bc50-45af-47b4-99ba-122b5118d6b5","2022-10-24 08:24:56.69039",False,"deviceDisconnection","e0b81da3-76c1-43cb-a141-f594435ee13d","a634dfb1-545c-44a4-9082-be9ecc3b55db","8c20de48-9cfa-4953-9c2e-3a3f817555ba","eb98f226-3101-44db-8f7b-edf8febd0862",NULL
"5b5abb80-2c72-43e6-97a4-495282484f51","deviceDisconnection Alert for #8 - Kaeser BSD 83","40","activated",3,"2022-08-10 06:49:12.707806","5f21bc50-45af-47b4-99ba-122b5118d6b5","2022-10-24 08:24:50.912478",False,"deviceDisconnection","a6766056-4891-4398-b067-cb9d9d6c70ca","a634dfb1-545c-44a4-9082-be9ecc3b55db","8c20de48-9cfa-4953-9c2e-3a3f817555ba","eb98f226-3101-44db-8f7b-edf8febd0862",NULL
"ad0077e5-ae4e-428f-880d-5b1bda0a1251","deviceDisconnection Alert for Comp 1 Flow","40","activated",3,"2022-08-10 06:49:14.321008","5f21bc50-45af-47b4-99ba-122b5118d6b5","2022-10-24 08:24:39.69451",False,"deviceDisconnection","65ad735c-0192-46d6-b1e4-ab5d65394b45","a634dfb1-545c-44a4-9082-be9ecc3b55db","8c20de48-9cfa-4953-9c2e-3a3f817555ba","eb98f226-3101-44db-8f7b-edf8febd0862",NULL
"cada7b28-481b-4a96-8f15-21cd7ed5a0b6","deviceDisconnection Alert for #9 - Ekomak 75","40","activated",3,"2022-08-10 06:49:13.384198","5f21bc50-45af-47b4-99ba-122b5118d6b5","2022-10-24 08:24:43.903134",False,"deviceDisconnection","57737728-1281-49dc-8809-64f0f479e388","a634dfb1-545c-44a4-9082-be9ecc3b55db","8c20de48-9cfa-4953-9c2e-3a3f817555ba","eb98f226-3101-44db-8f7b-edf8febd0862",NULL
"62afcbb8-5bcc-443f-ad95-a7b4410e88bc","deviceDisconnection Alert for Comp 3 Power","40","activated",3,"2022-08-10 06:49:14.067002","5f21bc50-45af-47b4-99ba-122b5118d6b5","2022-10-24 08:24:32.403459",False,"deviceDisconnection","52a25813-7918-402c-91d2-493c823942dd","a634dfb1-545c-44a4-9082-be9ecc3b55db","8c20de48-9cfa-4953-9c2e-3a3f817555ba","eb98f226-3101-44db-8f7b-edf8febd0862",NULL
"7167be7d-bd24-4aff-b65d-6fdd2a8110ee","deviceDisconnection Alert for Comp 1 Power","40","activated",3,"2022-08-10 06:49:13.919186","5f21bc50-45af-47b4-99ba-122b5118d6b5","2022-10-24 08:24:37.506532",False,"deviceDisconnection","a8b44785-08eb-47de-9b86-d1b67464eab7","a634dfb1-545c-44a4-9082-be9ecc3b55db","8c20de48-9cfa-4953-9c2e-3a3f817555ba","eb98f226-3101-44db-8f7b-edf8febd0862",NULL
"ee53bef6-dab2-473d-b56c-da917ae6a813","deviceDisconnection Alert for Comp 2 Power","40","activated",3,"2022-08-10 06:49:13.942608","5f21bc50-45af-47b4-99ba-122b5118d6b5","2022-10-24 08:24:29.369892",False,"deviceDisconnection","1cf71c9e-62db-4b87-b41f-e9996496c15f","a634dfb1-545c-44a4-9082-be9ecc3b55db","8c20de48-9cfa-4953-9c2e-3a3f817555ba","eb98f226-3101-44db-8f7b-edf8febd0862",NULL
"c4697c84-04ed-43bb-a705-2917803779a9","deviceDisconnection Alert for Comp 7 Power","40","activated",3,"2022-08-10 06:49:13.688177","5f21bc50-45af-47b4-99ba-122b5118d6b5","2022-10-24 08:24:06.90282",False,"deviceDisconnection","185111d2-335c-4220-ae83-20b5c042f830","a634dfb1-545c-44a4-9082-be9ecc3b55db","8c20de48-9cfa-4953-9c2e-3a3f817555ba","eb98f226-3101-44db-8f7b-edf8febd0862",NULL
"f9d9719f-094d-4537-83a8-bc381eaba157","deviceDisconnection Alert for Comp 5 Power","40","activated",3,"2022-08-10 06:49:13.483801","5f21bc50-45af-47b4-99ba-122b5118d6b5","2022-10-24 08:24:16.39982",False,"deviceDisconnection","e25a892a-f307-4704-bd9d-dd19680dd22c","a634dfb1-545c-44a4-9082-be9ecc3b55db","8c20de48-9cfa-4953-9c2e-3a3f817555ba","eb98f226-3101-44db-8f7b-edf8febd0862",NULL
"28041ccb-20a6-45a0-808b-8dbd4ba67ecc","deviceDisconnection Alert for Comp 6 Power","40","activated",3,"2022-08-10 06:49:13.573209","5f21bc50-45af-47b4-99ba-122b5118d6b5","2022-10-24 08:24:02.492131",False,"deviceDisconnection","9bad4f39-feb6-4af0-8b85-3fdad9c6f388","a634dfb1-545c-44a4-9082-be9ecc3b55db","8c20de48-9cfa-4953-9c2e-3a3f817555ba","eb98f226-3101-44db-8f7b-edf8febd0862",NULL
"d6bd1318-28f2-49c8-91c5-31b80f677388","deviceDisconnection Alert for Comp 8 Power","40","activated",3,"2022-08-10 06:49:14.172859","5f21bc50-45af-47b4-99ba-122b5118d6b5","2022-10-24 08:24:10.981572",False,"deviceDisconnection","d593c646-0821-494b-99d5-1fb0724f3df2","a634dfb1-545c-44a4-9082-be9ecc3b55db","8c20de48-9cfa-4953-9c2e-3a3f817555ba","eb98f226-3101-44db-8f7b-edf8febd0862",NULL
"3a4f5089-bee3-4831-b872-1f3464c525fa","deviceDisconnection Alert for #2 - Compair L160","40","activated",3,"2022-08-10 06:49:11.433005","5f21bc50-45af-47b4-99ba-122b5118d6b5","2022-10-24 08:25:39.002573",False,"deviceDisconnection","2c4a756e-4030-45ee-a075-2c3c39af74e1","a634dfb1-545c-44a4-9082-be9ecc3b55db","8c20de48-9cfa-4953-9c2e-3a3f817555ba","eb98f226-3101-44db-8f7b-edf8febd0862",NULL
"6d0d8895-807d-424c-8299-5ef3b0d68884","deviceDisconnection Alert for Comp 9 Power","40","activated",3,"2022-08-10 06:49:14.25916","5f21bc50-45af-47b4-99ba-122b5118d6b5","2022-10-24 08:23:51.510406",False,"deviceDisconnection","583be0c8-fdc3-4b11-b217-e1446a1bd07d","a634dfb1-545c-44a4-9082-be9ecc3b55db","8c20de48-9cfa-4953-9c2e-3a3f817555ba","eb98f226-3101-44db-8f7b-edf8febd0862",NULL
"2a0c4c63-5724-4294-a468-adfa0fd82063","deviceDisconnection Alert for New Ink Valve 2","40","activated",3,"2022-08-10 06:49:15.666974","5f21bc50-45af-47b4-99ba-122b5118d6b5","2022-10-24 08:23:25.833053",False,"deviceDisconnection","7d777a45-c518-41c4-a548-104381f56eba","a634dfb1-545c-44a4-9082-be9ecc3b55db","8c20de48-9cfa-4953-9c2e-3a3f817555ba","eb98f226-3101-44db-8f7b-edf8febd0862",NULL
"aba7a531-5963-4960-b31d-70cca158388d","deviceDisconnection Alert for New ink dewpoint 2","40","activated",3,"2022-08-10 06:49:15.325038","5f21bc50-45af-47b4-99ba-122b5118d6b5","2022-10-24 08:23:34.454565",False,"deviceDisconnection","b7f940ce-767f-498e-b371-08fc9ded0c0f","a634dfb1-545c-44a4-9082-be9ecc3b55db","8c20de48-9cfa-4953-9c2e-3a3f817555ba","eb98f226-3101-44db-8f7b-edf8febd0862",NULL
"a0aede2e-1981-4dd8-aff1-bbb9a88d9ce5","deviceDisconnection Alert for New Ink Valve 1","40","activated",3,"2022-08-10 06:49:15.65034","5f21bc50-45af-47b4-99ba-122b5118d6b5","2022-10-24 08:23:39.702677",False,"deviceDisconnection","f75b2e8e-d36e-465b-ade8-be87d0501f9d","a634dfb1-545c-44a4-9082-be9ecc3b55db","8c20de48-9cfa-4953-9c2e-3a3f817555ba","eb98f226-3101-44db-8f7b-edf8febd0862",NULL
"0727bb8c-5333-479a-9732-8848014487f7","deviceDisconnection Alert for Comp 5 Flow","40","activated",3,"2022-08-10 06:49:14.560286","5f21bc50-45af-47b4-99ba-122b5118d6b5","2022-10-24 08:23:57.810838",False,"deviceDisconnection","88229977-dc3b-468c-847e-093b2de31f03","a634dfb1-545c-44a4-9082-be9ecc3b55db","8c20de48-9cfa-4953-9c2e-3a3f817555ba","eb98f226-3101-44db-8f7b-edf8febd0862",NULL
"3eec5c4e-cb20-40dd-bc76-e1f18ac8ffac","deviceDisconnection Alert for Old ink dewpoint","40","activated",3,"2022-08-10 06:49:15.436834","5f21bc50-45af-47b4-99ba-122b5118d6b5","2022-10-24 08:22:56.580651",False,"deviceDisconnection","df899ead-7649-44e9-b6d5-b8c2b6601cb0","a634dfb1-545c-44a4-9082-be9ecc3b55db","8c20de48-9cfa-4953-9c2e-3a3f817555ba","eb98f226-3101-44db-8f7b-edf8febd0862",NULL
"123135ed-440f-49cb-a952-76c6eec487bf","deviceDisconnection Alert for Old Ink Valve","40","activated",3,"2022-08-10 06:49:15.717192","5f21bc50-45af-47b4-99ba-122b5118d6b5","2022-10-24 08:23:00.727977",False,"deviceDisconnection","47bc4944-4bc0-4930-9b78-3f62becea365","a634dfb1-545c-44a4-9082-be9ecc3b55db","8c20de48-9cfa-4953-9c2e-3a3f817555ba","eb98f226-3101-44db-8f7b-edf8febd0862",NULL
"be86a601-1bfe-4adb-af5e-a41f6bbb9b94","deviceDisconnection Alert for Systems dewpoint","40","activated",3,"2022-08-10 06:49:15.451884","5f21bc50-45af-47b4-99ba-122b5118d6b5","2022-10-24 08:23:02.730413",False,"deviceDisconnection","ffcab4fa-f6f1-44ab-8ffc-e5fa2c952c63","a634dfb1-545c-44a4-9082-be9ecc3b55db","8c20de48-9cfa-4953-9c2e-3a3f817555ba","eb98f226-3101-44db-8f7b-edf8febd0862",NULL
"239a94a3-be59-4922-8524-17e3a50d4161","deviceDisconnection Alert for System flow","40","activated",3,"2022-08-10 06:49:16.39246","5f21bc50-45af-47b4-99ba-122b5118d6b5","2022-10-24 08:23:14.953423",False,"deviceDisconnection","865d2c62-9c38-466c-a2b8-c0bce0f63ef6","a634dfb1-545c-44a4-9082-be9ecc3b55db","8c20de48-9cfa-4953-9c2e-3a3f817555ba","eb98f226-3101-44db-8f7b-edf8febd0862",NULL
"694c9952-8378-45f4-a035-f4f3d5247e21","deviceDisconnection Alert for Comp 3 Flow","40","activated",3,"2022-08-10 06:49:14.473456","5f21bc50-45af-47b4-99ba-122b5118d6b5","2022-10-24 08:24:27.260387",False,"deviceDisconnection","a940fc19-c0df-46e4-b516-a98aa8aa40c0","a634dfb1-545c-44a4-9082-be9ecc3b55db","8c20de48-9cfa-4953-9c2e-3a3f817555ba","eb98f226-3101-44db-8f7b-edf8febd0862",NULL
"1dd1f336-0019-4fa8-8350-a3f55fdb2606","deviceDisconnection Alert for Comp 2 Flow","40","activated",3,"2022-08-10 06:49:14.392445","5f21bc50-45af-47b4-99ba-122b5118d6b5","2022-10-24 08:24:35.403045",False,"deviceDisconnection","58e8d98d-1113-41b9-a800-22be84a8c09f","a634dfb1-545c-44a4-9082-be9ecc3b55db","8c20de48-9cfa-4953-9c2e-3a3f817555ba","eb98f226-3101-44db-8f7b-edf8febd0862",NULL
"7ab3db5e-6cd9-41c8-bf13-8518f64fcba3","deviceDisconnection Alert for #3 - CSDX165","40","activated",3,"2022-08-11 19:05:47.336219","5f21bc50-45af-47b4-99ba-122b5118d6b5","2022-10-24 08:25:24.035085",False,"deviceDisconnection","0787b577-d026-42f6-9b76-698f20a70e27","a634dfb1-545c-44a4-9082-be9ecc3b55db","8c20de48-9cfa-4953-9c2e-3a3f817555ba","eb98f226-3101-44db-8f7b-edf8febd0862",NULL
"f5b14818-9050-45b7-8877-a1302d416f54","deviceDisconnection Alert for #6 - Compair L75RS","40","activated",3,"2022-08-11 19:05:49.222291","5f21bc50-45af-47b4-99ba-122b5118d6b5","2022-10-24 08:24:59.013681",False,"deviceDisconnection","565f3cdc-6e5e-4bf3-9692-2cc603bb73db","a634dfb1-545c-44a4-9082-be9ecc3b55db","8c20de48-9cfa-4953-9c2e-3a3f817555ba","eb98f226-3101-44db-8f7b-edf8febd0862",NULL
"edd33dfc-1425-4652-b6b6-e019d26d17b1","deviceDisconnection Alert for #5 - Compair L75RS","40","activated",3,"2022-08-11 19:05:48.415172","5f21bc50-45af-47b4-99ba-122b5118d6b5","2022-10-24 08:25:10.686438",False,"deviceDisconnection","2ac13ed6-2662-45d4-9810-db4dd6731dc1","a634dfb1-545c-44a4-9082-be9ecc3b55db","8c20de48-9cfa-4953-9c2e-3a3f817555ba","eb98f226-3101-44db-8f7b-edf8febd0862",NULL
"8d278655-8d38-41a3-b088-0c7eb5bc731c","deviceDisconnection Alert for #8 - Kaeser BSD 83","40","activated",3,"2022-08-11 19:05:49.458329","5f21bc50-45af-47b4-99ba-122b5118d6b5","2022-10-24 08:24:45.927861",False,"deviceDisconnection","ba7d1434-6ec2-416d-8437-c5981b192056","a634dfb1-545c-44a4-9082-be9ecc3b55db","8c20de48-9cfa-4953-9c2e-3a3f817555ba","eb98f226-3101-44db-8f7b-edf8febd0862",NULL
"986559e6-b4f6-4c55-ba2f-54cb465c7223","deviceDisconnection Alert for #9 - Ekomak 75","40","activated",3,"2022-08-11 19:05:49.820642","5f21bc50-45af-47b4-99ba-122b5118d6b5","2022-10-24 08:24:41.88198",False,"deviceDisconnection","ec59ee38-603a-40ff-b257-0a3f683c3801","a634dfb1-545c-44a4-9082-be9ecc3b55db","8c20de48-9cfa-4953-9c2e-3a3f817555ba","eb98f226-3101-44db-8f7b-edf8febd0862",NULL
"ebfa3cb3-56d1-4089-beae-113b26463f82","deviceDisconnection Alert for Comp 8 Flow","40","activated",3,"2022-08-10 06:49:14.785498","5f21bc50-45af-47b4-99ba-122b5118d6b5","2022-10-24 08:24:09.03196",False,"deviceDisconnection","82aeabf0-154a-49a9-9df9-95a38b471642","a634dfb1-545c-44a4-9082-be9ecc3b55db","8c20de48-9cfa-4953-9c2e-3a3f817555ba","eb98f226-3101-44db-8f7b-edf8febd0862",NULL
"6ead411d-60a3-4095-ae51-d572ef5c40bb","deviceDisconnection Alert for Comp 4 Flow","40","activated",3,"2022-08-10 06:49:14.558151","5f21bc50-45af-47b4-99ba-122b5118d6b5","2022-10-24 08:24:24.608956",False,"deviceDisconnection","0c593a4f-928a-4e53-9b5c-c2b6fda77af5","a634dfb1-545c-44a4-9082-be9ecc3b55db","8c20de48-9cfa-4953-9c2e-3a3f817555ba","eb98f226-3101-44db-8f7b-edf8febd0862",NULL
"0c4c85d1-d998-4f02-b7a6-20e96b4de30e","deviceDisconnection Alert for New ink flow","40","activated",3,"2022-08-10 06:49:16.120623","5f21bc50-45af-47b4-99ba-122b5118d6b5","2022-10-24 08:23:43.16672",False,"deviceDisconnection","c5f86ef1-4618-44e2-b738-459be3f90b5e","a634dfb1-545c-44a4-9082-be9ecc3b55db","8c20de48-9cfa-4953-9c2e-3a3f817555ba","eb98f226-3101-44db-8f7b-edf8febd0862",NULL
"26baafea-3597-4ce5-8d5a-f99446103e44","deviceDisconnection Alert for Comp 6 Flow","40","activated",3,"2022-08-10 06:49:14.796285","5f21bc50-45af-47b4-99ba-122b5118d6b5","2022-10-24 08:24:00.328413",False,"deviceDisconnection","54476e85-95ca-499a-b6a3-6ef469a9a13b","a634dfb1-545c-44a4-9082-be9ecc3b55db","8c20de48-9cfa-4953-9c2e-3a3f817555ba","eb98f226-3101-44db-8f7b-edf8febd0862",NULL
"cd35b62d-3636-463d-9562-deb983971988","deviceDisconnection Alert for Systems Valve","40","activated",3,"2022-08-10 06:49:15.801375","5f21bc50-45af-47b4-99ba-122b5118d6b5","2022-10-24 08:22:28.773327",False,"deviceDisconnection","3d7c8120-61db-4886-b943-8bf776b76955","a634dfb1-545c-44a4-9082-be9ecc3b55db","8c20de48-9cfa-4953-9c2e-3a3f817555ba","eb98f226-3101-44db-8f7b-edf8febd0862",NULL
"7b0d6453-da3d-4fdf-8c10-3c022a89a6a2","deviceDisconnection Alert for New ink dewpoint 1","40","activated",3,"2022-08-10 06:49:15.303831","5f21bc50-45af-47b4-99ba-122b5118d6b5","2022-10-24 08:23:35.859871",False,"deviceDisconnection","bd06138f-b112-457c-a6f3-da89c3454ca4","a634dfb1-545c-44a4-9082-be9ecc3b55db","8c20de48-9cfa-4953-9c2e-3a3f817555ba","eb98f226-3101-44db-8f7b-edf8febd0862",NULL
"7d1cb9e4-0cd3-4bca-abb5-d2151f2afc30","ecoboxDisconnection Alert for new ink main","40","activated",3,"2022-08-10 06:49:19.644185","5f21bc50-45af-47b4-99ba-122b5118d6b5","2022-10-24 08:22:31.15441",False,"ecoboxDisconnection","3c26b487-07f3-46c2-bf8b-087517641fd2","a634dfb1-545c-44a4-9082-be9ecc3b55db","8c20de48-9cfa-4953-9c2e-3a3f817555ba","eb98f226-3101-44db-8f7b-edf8febd0862",NULL
"3ff3eb94-807b-4fb2-a575-1f07d2f975fa","deviceDisconnection Alert for New ink pressure","40","activated",3,"2022-08-10 06:49:15.898611","5f21bc50-45af-47b4-99ba-122b5118d6b5","2022-10-24 08:23:32.371207",False,"deviceDisconnection","2d49697f-1c60-4154-b705-23b8d8ff4b7e","a634dfb1-545c-44a4-9082-be9ecc3b55db","8c20de48-9cfa-4953-9c2e-3a3f817555ba","eb98f226-3101-44db-8f7b-edf8febd0862",NULL
"54474a33-1835-4c7a-bc72-32cbe0963866","deviceDisconnection Alert for Old ink pressure","40","activated",3,"2022-08-10 06:49:15.998516","5f21bc50-45af-47b4-99ba-122b5118d6b5","2022-10-24 08:23:10.048764",False,"deviceDisconnection","4b57ad32-7803-49a2-aff0-1b9fb0da46a7","a634dfb1-545c-44a4-9082-be9ecc3b55db","8c20de48-9cfa-4953-9c2e-3a3f817555ba","eb98f226-3101-44db-8f7b-edf8febd0862",NULL
"e883a8e3-cfb5-44c4-ab7e-51d1c355f4ae","ecoboxDisconnection Alert for Old ink backup","40","activated",3,"2022-08-10 06:49:19.584272","5f21bc50-45af-47b4-99ba-122b5118d6b5","2022-10-24 08:22:39.512623",False,"ecoboxDisconnection","d363e7ec-08e8-4380-8694-459866189b73","a634dfb1-545c-44a4-9082-be9ecc3b55db","8c20de48-9cfa-4953-9c2e-3a3f817555ba","eb98f226-3101-44db-8f7b-edf8febd0862",NULL
"97ada631-60d5-462c-b126-702bac19913e","deviceDisconnection Alert for Old ink flow","40","activated",3,"2022-08-10 06:49:16.333164","5f21bc50-45af-47b4-99ba-122b5118d6b5","2022-10-24 08:22:58.650419",False,"deviceDisconnection","7c9fc9a9-3af6-4005-923c-74b51567573e","a634dfb1-545c-44a4-9082-be9ecc3b55db","8c20de48-9cfa-4953-9c2e-3a3f817555ba","eb98f226-3101-44db-8f7b-edf8febd0862",NULL
"8a269b75-3148-47ae-9c1a-66e355b35aa0","deviceDisconnection Alert for #2 - Compair L160","40","activated",3,"2022-08-11 19:05:46.390867","5f21bc50-45af-47b4-99ba-122b5118d6b5","2022-10-24 08:25:29.592511",False,"deviceDisconnection","78340492-f698-4b13-bcb8-3bfb7f8f0096","a634dfb1-545c-44a4-9082-be9ecc3b55db","8c20de48-9cfa-4953-9c2e-3a3f817555ba","eb98f226-3101-44db-8f7b-edf8febd0862",NULL
"f63f65b6-aea4-46b6-8f46-4abebcc46b4a","ecoboxDisconnection Alert for systems backup","40","activated",3,"2022-08-10 06:49:19.805233","5f21bc50-45af-47b4-99ba-122b5118d6b5","2022-10-24 08:22:47.652461",False,"ecoboxDisconnection","99e583c6-9ee5-4daf-98cb-1e62ff55972f","a634dfb1-545c-44a4-9082-be9ecc3b55db","8c20de48-9cfa-4953-9c2e-3a3f817555ba","eb98f226-3101-44db-8f7b-edf8febd0862",NULL
"73db78f2-257b-4231-84de-ac0224b273b0","ecoboxDisconnection Alert for systems main","40","activated",3,"2022-08-10 06:49:19.752115","5f21bc50-45af-47b4-99ba-122b5118d6b5","2022-10-24 08:22:43.128052",False,"ecoboxDisconnection","628a199b-8383-4c80-b71b-ce2d2b745ca8","a634dfb1-545c-44a4-9082-be9ecc3b55db","8c20de48-9cfa-4953-9c2e-3a3f817555ba","eb98f226-3101-44db-8f7b-edf8febd0862",NULL
"cd8cc963-0ced-48af-b236-d5f082668ac3","deviceDisconnection Alert for New ink to old flow","40","activated",3,"2022-08-10 06:49:16.179496","5f21bc50-45af-47b4-99ba-122b5118d6b5","2022-10-24 08:23:47.95129",False,"deviceDisconnection","ed773365-38fa-4a72-8afc-ae3aa5e86d8d","a634dfb1-545c-44a4-9082-be9ecc3b55db","8c20de48-9cfa-4953-9c2e-3a3f817555ba","eb98f226-3101-44db-8f7b-edf8febd0862",NULL
"4976b3e2-8674-42f3-8241-626e9651d46f","ecoboxDisconnection Alert for new ink backup","40","activated",3,"2022-08-10 06:49:19.701945","5f21bc50-45af-47b4-99ba-122b5118d6b5","2022-10-24 08:22:45.062994",False,"ecoboxDisconnection","9cabb69d-0199-40a4-b1ac-0b14b52a4547","a634dfb1-545c-44a4-9082-be9ecc3b55db","8c20de48-9cfa-4953-9c2e-3a3f817555ba","eb98f226-3101-44db-8f7b-edf8febd0862",NULL
"bef4b1c3-5d8c-4ea4-9470-d44eb2129adf","deviceDisconnection Alert for #1 - Compair L160RS","40","activated",3,"2022-08-11 19:05:46.303719","5f21bc50-45af-47b4-99ba-122b5118d6b5","2022-10-24 08:25:48.39799",False,"deviceDisconnection","c40c4933-bf62-46ac-bfa1-e966f83194a3","a634dfb1-545c-44a4-9082-be9ecc3b55db","8c20de48-9cfa-4953-9c2e-3a3f817555ba","eb98f226-3101-44db-8f7b-edf8febd0862",NULL
"61a82a06-ec7a-43b0-8be4-a9fc15699e5e","deviceDisconnection Alert for Systems pressure","40","activated",3,"2022-08-10 06:49:16.0312","5f21bc50-45af-47b4-99ba-122b5118d6b5","2022-10-24 08:22:28.265871",False,"deviceDisconnection","2a236c03-15d5-455f-a82b-3cd8ecb0d8a1","a634dfb1-545c-44a4-9082-be9ecc3b55db","8c20de48-9cfa-4953-9c2e-3a3f817555ba","eb98f226-3101-44db-8f7b-edf8febd0862",NULL
"a2e42280-4235-409e-b4e3-aec2ae9fd95a","deviceDisconnection Alert for #1 - Compair L160RS","40","activated",3,"2022-08-28 11:24:16.013082","5f21bc50-45af-47b4-99ba-122b5118d6b5","2022-10-24 08:25:46.16034",False,"deviceDisconnection","80519530-0f2a-4216-8460-1103761fa67c","a634dfb1-545c-44a4-9082-be9ecc3b55db","8c20de48-9cfa-4953-9c2e-3a3f817555ba","eb98f226-3101-44db-8f7b-edf8febd0862",NULL
"3ec5e5ab-176a-4ac2-b087-b9c6b36ecad5","deviceDisconnection Alert for Comp 9 Flow (Not Active)","40","activated",3,"2022-08-12 04:02:29.346081","5f21bc50-45af-47b4-99ba-122b5118d6b5","2022-10-24 08:24:13.142315",False,"deviceDisconnection","017a3fea-4993-458b-9bab-a7f2bc69ac6b","a634dfb1-545c-44a4-9082-be9ecc3b55db","8c20de48-9cfa-4953-9c2e-3a3f817555ba","eb98f226-3101-44db-8f7b-edf8febd0862",NULL
"629e0030-ddd8-4dc4-9567-95677557a9dd","deviceDisconnection Alert for #1 - Compair L160RS","40","activated",3,"2022-08-28 10:29:01.442189","5f21bc50-45af-47b4-99ba-122b5118d6b5","2022-10-24 08:25:41.596336",False,"deviceDisconnection","e2795454-0d8d-4692-91fd-9e5a0802c2ef","a634dfb1-545c-44a4-9082-be9ecc3b55db","8c20de48-9cfa-4953-9c2e-3a3f817555ba","eb98f226-3101-44db-8f7b-edf8febd0862",NULL
"f59f6cdd-4eb0-4a40-a8ad-b8499ca81a70","deviceDisconnection Alert for Comp 7 Flow (Not Active)","40","activated",3,"2022-08-12 03:03:45.541537","5f21bc50-45af-47b4-99ba-122b5118d6b5","2022-10-24 08:24:04.75986",False,"deviceDisconnection","7b5e790c-453d-4ae4-89ee-dc3d21caeb2a","a634dfb1-545c-44a4-9082-be9ecc3b55db","8c20de48-9cfa-4953-9c2e-3a3f817555ba","eb98f226-3101-44db-8f7b-edf8febd0862",NULL
"5e387d17-6cb6-4cd1-841c-2552b0daf90d","deviceDisconnection Alert for Comp 4 Power","40","activated",3,"2022-08-10 06:49:14.104538","5f21bc50-45af-47b4-99ba-122b5118d6b5","2022-10-24 08:24:19.336548",False,"deviceDisconnection","75599eff-83c5-4474-88ee-36563f432015","a634dfb1-545c-44a4-9082-be9ecc3b55db","8c20de48-9cfa-4953-9c2e-3a3f817555ba","eb98f226-3101-44db-8f7b-edf8febd0862",NULL
"0e510752-9846-4e8a-8391-2d8c0687106b","deviceDisconnection Alert for #7 - Boge S125","40","activated",3,"2022-08-11 19:05:49.338806","5f21bc50-45af-47b4-99ba-122b5118d6b5","2022-10-24 08:24:54.307948",False,"deviceDisconnection","a660c5d0-f8f7-4aff-8e0f-1153060ced01","a634dfb1-545c-44a4-9082-be9ecc3b55db","8c20de48-9cfa-4953-9c2e-3a3f817555ba","eb98f226-3101-44db-8f7b-edf8febd0862",NULL
"7182349d-b698-4565-90c2-7bcda003c5f4","deviceDisconnection Alert for #6 - Compair L75RS","40","activated",3,"2022-08-10 06:49:10.426024","5f21bc50-45af-47b4-99ba-122b5118d6b5","2022-10-24 08:25:03.560432",False,"deviceDisconnection","40b65b7a-8fc8-4e49-bc39-78b735f0b622","a634dfb1-545c-44a4-9082-be9ecc3b55db","8c20de48-9cfa-4953-9c2e-3a3f817555ba","eb98f226-3101-44db-8f7b-edf8febd0862",NULL
"7ae6465a-1f2c-421c-a4c4-73239e97542b","deviceDisconnection Alert for #4 - Compair L75RS","40","activated",3,"2022-08-11 19:05:47.352051","5f21bc50-45af-47b4-99ba-122b5118d6b5","2022-10-24 08:25:06.735949",False,"deviceDisconnection","a4b2756d-3f53-467c-9eef-53f9265868fe","a634dfb1-545c-44a4-9082-be9ecc3b55db","8c20de48-9cfa-4953-9c2e-3a3f817555ba","eb98f226-3101-44db-8f7b-edf8febd0862",NULL
"9dc9992c-7a0f-4b21-addd-49d2b0088849","deviceDisconnection Alert for #2 - Compair L160","40","activated",3,"2022-08-28 11:24:16.102947","5f21bc50-45af-47b4-99ba-122b5118d6b5","2022-10-24 08:25:35.848843",False,"deviceDisconnection","f558f521-08db-4cd8-b66d-f6dd0c121e2b","a634dfb1-545c-44a4-9082-be9ecc3b55db","8c20de48-9cfa-4953-9c2e-3a3f817555ba","eb98f226-3101-44db-8f7b-edf8febd0862",NULL
"6b79c384-c9c2-4e16-a246-18ec20e572cb","deviceDisconnection Alert for #1 - Compair L160RS","40","activated",3,"2022-08-10 06:49:11.327733","5f21bc50-45af-47b4-99ba-122b5118d6b5","2022-10-24 08:25:43.728257",False,"deviceDisconnection","b6bc69bc-5230-4600-8e42-045ad0f201dd","a634dfb1-545c-44a4-9082-be9ecc3b55db","8c20de48-9cfa-4953-9c2e-3a3f817555ba","eb98f226-3101-44db-8f7b-edf8febd0862",NULL
"6a2519c1-4e4c-4fad-a204-cfe568ffc1bf","deviceDisconnection Alert for #7 - Boge S125","40","activated",1,"2022-09-15 13:09:30.878041",NULL,"2022-09-15 13:09:30.878041",False,"deviceDisconnection","5d0808ce-d06b-43cd-84f5-3a10f4290cf6","a634dfb1-545c-44a4-9082-be9ecc3b55db","8c20de48-9cfa-4953-9c2e-3a3f817555ba","eb98f226-3101-44db-8f7b-edf8febd0862",NULL
"558f2ff8-c537-47d6-a63c-6e2701cd0a8c","deviceDisconnection Alert for new to old ink flow","40","activated",1,"2022-09-22 13:18:44.49069",NULL,"2022-09-22 13:18:44.49069",False,"deviceDisconnection","1f256f6e-8d16-492a-b7c5-21d7a186467a","a634dfb1-545c-44a4-9082-be9ecc3b55db","8c20de48-9cfa-4953-9c2e-3a3f817555ba","eb98f226-3101-44db-8f7b-edf8febd0862",NULL
"17ccc9cc-e253-4c30-859b-f5e32ac97b37","deviceDisconnection Alert for new to systems flow","40","activated",1,"2022-09-22 13:18:44.550501",NULL,"2022-09-22 13:18:44.550501",False,"deviceDisconnection","855f6e66-7a76-40d1-b1a5-5c3836e258b7","a634dfb1-545c-44a4-9082-be9ecc3b55db","8c20de48-9cfa-4953-9c2e-3a3f817555ba","eb98f226-3101-44db-8f7b-edf8febd0862",NULL
"4355c67f-d934-450b-a1af-8bdad2aee3f7","deviceDisconnection Alert for Old ink dewpoint","40","activated",3,"2022-09-05 09:37:46.522942","5f21bc50-45af-47b4-99ba-122b5118d6b5","2022-10-24 08:23:20.271694",False,"deviceDisconnection","f9382c14-b22e-4353-9556-ee737df6108a","a634dfb1-545c-44a4-9082-be9ecc3b55db","8c20de48-9cfa-4953-9c2e-3a3f817555ba","eb98f226-3101-44db-8f7b-edf8febd0862",NULL
"0f3a0ddc-fe1a-46af-967f-b118e992b028","deviceDisconnection Alert for New ink to system flow","40","activated",3,"2022-08-10 06:49:16.317294","5f21bc50-45af-47b4-99ba-122b5118d6b5","2022-10-24 08:23:27.633447",False,"deviceDisconnection","9aeab10d-16c4-4cd8-8faf-a17abb68b6ff","a634dfb1-545c-44a4-9082-be9ecc3b55db","8c20de48-9cfa-4953-9c2e-3a3f817555ba","eb98f226-3101-44db-8f7b-edf8febd0862",NULL
"cb715251-4b2c-408a-a1b4-e617b99dd545","deviceDisconnection Alert for #2 - Compair L160","40","activated",3,"2022-08-28 10:29:01.656959","5f21bc50-45af-47b4-99ba-122b5118d6b5","2022-10-24 08:25:26.308827",False,"deviceDisconnection","0851db88-7cc9-4270-80e3-bd4e3da916dd","a634dfb1-545c-44a4-9082-be9ecc3b55db","8c20de48-9cfa-4953-9c2e-3a3f817555ba","eb98f226-3101-44db-8f7b-edf8febd0862",NULL
"c46170e8-af8a-4128-8e69-5dd6edd63fa6","deviceDisconnection Alert for new to old ink flow","40","activated",1,"2022-10-03 15:19:22.850589",NULL,"2022-10-03 15:19:22.850589",False,"deviceDisconnection","b7ceab29-792f-43e3-9703-077d4af90c87","a634dfb1-545c-44a4-9082-be9ecc3b55db","8c20de48-9cfa-4953-9c2e-3a3f817555ba","eb98f226-3101-44db-8f7b-edf8febd0862",NULL
"46949cf1-1882-48c3-8d45-e2bd112078e8","ecoboxDisconnection Alert for Old ink main","40","activated",3,"2022-08-10 06:49:19.537366","5f21bc50-45af-47b4-99ba-122b5118d6b5","2022-10-24 08:22:32.944715",False,"ecoboxDisconnection","1c851801-fc50-4587-914b-c32f11d483fd","a634dfb1-545c-44a4-9082-be9ecc3b55db","8c20de48-9cfa-4953-9c2e-3a3f817555ba","eb98f226-3101-44db-8f7b-edf8febd0862",NULL
"e4c1e627-6ff2-49f3-97b2-94df1a9a3a13","deviceDisconnection Alert for Systems dewpoint","40","activated",3,"2022-09-05 09:41:32.116461","5f21bc50-45af-47b4-99ba-122b5118d6b5","2022-10-24 08:23:07.902074",False,"deviceDisconnection","7a67b391-f5a8-41e2-8ca1-7531df103129","a634dfb1-545c-44a4-9082-be9ecc3b55db","8c20de48-9cfa-4953-9c2e-3a3f817555ba","eb98f226-3101-44db-8f7b-edf8febd0862",NULL
"c4a423ed-ba9a-4aea-b95c-c1222805e26b","deviceDisconnection Alert for Systems Bypass Valve","40","activated",1,"2023-03-02 06:30:47.911638",NULL,"2023-03-02 06:30:47.911638",False,"deviceDisconnection","0cc8849f-f5c0-48ff-8709-c03e497d5459","a634dfb1-545c-44a4-9082-be9ecc3b55db","8c20de48-9cfa-4953-9c2e-3a3f817555ba","eb98f226-3101-44db-8f7b-edf8febd0862",NULL
"8ce9cbf0-cd9a-4281-86e6-fd19c6e4b1f7","deviceDisconnection Alert for New Ink - 4C Valve index 1 (ETM077)","40","activated",1,"2023-09-28 11:54:28.56141",NULL,"2023-09-28 11:54:28.56141",False,"deviceDisconnection","e5230748-6cfe-4933-8c0e-3ed571790141","a634dfb1-545c-44a4-9082-be9ecc3b55db","8c20de48-9cfa-4953-9c2e-3a3f817555ba","eb98f226-3101-44db-8f7b-edf8febd0862",NULL
"5c978d8b-970b-4e6c-b06b-e50feb439187","deviceDisconnection Alert for New Ink - 4C Valve index 2 (ACT1200)","40","activated",1,"2023-09-28 11:54:28.58967",NULL,"2023-09-28 11:54:28.58967",False,"deviceDisconnection","81d592e6-6493-4344-ad25-d37270b2cf3c","a634dfb1-545c-44a4-9082-be9ecc3b55db","8c20de48-9cfa-4953-9c2e-3a3f817555ba","eb98f226-3101-44db-8f7b-edf8febd0862",NULL
"5be3c857-d6bd-4079-a5d2-121a71e1c454","deviceDisconnection Alert for Old Ink - 4C Valve","40","activated",1,"2023-09-28 11:54:28.856825",NULL,"2023-09-28 11:54:28.856825",False,"deviceDisconnection","eb931f1d-b1a4-43c9-a525-249258c859af","a634dfb1-545c-44a4-9082-be9ecc3b55db","8c20de48-9cfa-4953-9c2e-3a3f817555ba","eb98f226-3101-44db-8f7b-edf8febd0862",NULL
"9bc5c3af-9b43-4d3d-81ff-a86b6e05fbf2","deviceDisconnection Alert for System ink - 4C valve","40","activated",1,"2023-10-17 07:52:47.247832",NULL,"2023-10-17 07:52:47.247832",False,"deviceDisconnection","b1492675c8c291df14745","a634dfb1-545c-44a4-9082-be9ecc3b55db","8c20de48-9cfa-4953-9c2e-3a3f817555ba","eb98f226-3101-44db-8f7b-edf8febd0862",NULL
"e9b3bdb1-8d5f-4cfd-b2bb-1070e185a8ac","deviceDisconnection Alert for #1 - AF","40","activated",1,"2023-11-30 15:14:46.240618",NULL,"2023-11-30 15:14:46.240618",False,"deviceDisconnection","f4985493-ef9b-4fe1-8231-a124916a8a98","3aabb2a0-ee2e-4267-91a8-86d98c977434","ca84a25c-a9fa-47ac-9895-37d3ef4a8a49","a533549e-742c-4b3f-9b41-7344ea9b8143",NULL
"1ead8460-ad34-4f71-ae47-564799cb5ee8","deviceDisconnection Alert for #2 - AF","40","activated",1,"2023-11-30 15:14:46.421725",NULL,"2023-11-30 15:14:46.421725",False,"deviceDisconnection","2ff040f0-51ab-4252-b150-1a5061fb962e","3aabb2a0-ee2e-4267-91a8-86d98c977434","ca84a25c-a9fa-47ac-9895-37d3ef4a8a49","a533549e-742c-4b3f-9b41-7344ea9b8143",NULL
"a51a209c-2c08-4625-b85f-ad7446a5ccdd","deviceDisconnection Alert for #3 - AF","40","activated",1,"2023-11-30 15:14:46.563366",NULL,"2023-11-30 15:14:46.563366",False,"deviceDisconnection","8ba9fd28-776f-4374-8c6c-dea22ee93419","3aabb2a0-ee2e-4267-91a8-86d98c977434","ca84a25c-a9fa-47ac-9895-37d3ef4a8a49","a533549e-742c-4b3f-9b41-7344ea9b8143",NULL
"919cb265-3f7a-43f1-936d-5005edd48544","deviceDisconnection Alert for #1 - Power","40","activated",1,"2023-11-30 15:14:46.663493",NULL,"2023-11-30 15:14:46.663493",False,"deviceDisconnection","8f67868f-69fb-49bf-9ec4-35ce80f5581e","3aabb2a0-ee2e-4267-91a8-86d98c977434","ca84a25c-a9fa-47ac-9895-37d3ef4a8a49","a533549e-742c-4b3f-9b41-7344ea9b8143",NULL
"8a19d7e0-ee36-45ad-a8d1-8de3e8174782","deviceDisconnection Alert for #2 - Power","40","activated",1,"2023-11-30 15:14:46.787132",NULL,"2023-11-30 15:14:46.787132",False,"deviceDisconnection","c7805234-96bf-4795-acfc-1273a4ed4d84","3aabb2a0-ee2e-4267-91a8-86d98c977434","ca84a25c-a9fa-47ac-9895-37d3ef4a8a49","a533549e-742c-4b3f-9b41-7344ea9b8143",NULL
"2a7dbe9a-b889-4935-8867-a26fbecf21bc","deviceDisconnection Alert for #3 - Power","40","activated",1,"2023-11-30 15:14:46.910992",NULL,"2023-11-30 15:14:46.910992",False,"deviceDisconnection","4eeec925-1abb-44a4-b2da-2154920df972","3aabb2a0-ee2e-4267-91a8-86d98c977434","ca84a25c-a9fa-47ac-9895-37d3ef4a8a49","a533549e-742c-4b3f-9b41-7344ea9b8143",NULL
"650dffa6-cde8-4d63-9695-315ec4369f68","deviceDisconnection Alert for #1 - Flow","40","activated",1,"2023-11-30 15:14:47.703882",NULL,"2023-11-30 15:14:47.703882",False,"deviceDisconnection","48f14a62-9c47-455a-8a45-eb94e1e61738","3aabb2a0-ee2e-4267-91a8-86d98c977434","ca84a25c-a9fa-47ac-9895-37d3ef4a8a49","a533549e-742c-4b3f-9b41-7344ea9b8143",NULL
"14289691-438a-4e64-9001-94c1c878c433","deviceDisconnection Alert for #1 - Pressure","40","activated",1,"2023-11-30 15:14:47.822999",NULL,"2023-11-30 15:14:47.822999",False,"deviceDisconnection","d7fdf090-51de-4077-bf4f-88898989cf4e","3aabb2a0-ee2e-4267-91a8-86d98c977434","ca84a25c-a9fa-47ac-9895-37d3ef4a8a49","a533549e-742c-4b3f-9b41-7344ea9b8143",NULL
"9968d880-63fc-4336-bb1c-e9099aff3db4","deviceDisconnection Alert for #1 - Dew Point","40","activated",1,"2023-11-30 15:14:47.882454",NULL,"2023-11-30 15:14:47.882454",False,"deviceDisconnection","55781f31-aad8-4b7a-9ea2-c3d926935082","3aabb2a0-ee2e-4267-91a8-86d98c977434","ca84a25c-a9fa-47ac-9895-37d3ef4a8a49","a533549e-742c-4b3f-9b41-7344ea9b8143",NULL
"d01bf12c-e24b-4589-a378-a4c0c51e9150","deviceDisconnection Alert for #6 - Centac - C750","40","activated",1,"2023-11-30 15:14:48.543167",NULL,"2023-11-30 15:14:48.543167",False,"deviceDisconnection","fcf23ede-ac0e-4a95-924b-309fceda0488","3aabb2a0-ee2e-4267-91a8-86d98c977434","ca84a25c-a9fa-47ac-9895-37d3ef4a8a49","a533549e-742c-4b3f-9b41-7344ea9b8143",NULL
"5102f612-2914-4bfa-8891-cdff7656adfb","deviceDisconnection Alert for #5 - Centac - C750","40","activated",1,"2023-11-30 15:14:48.543516",NULL,"2023-11-30 15:14:48.543516",False,"deviceDisconnection","778cee7f-9ec5-4697-a917-eac1f409ae34","3aabb2a0-ee2e-4267-91a8-86d98c977434","ca84a25c-a9fa-47ac-9895-37d3ef4a8a49","a533549e-742c-4b3f-9b41-7344ea9b8143",NULL
"96088023-1172-4dad-a0df-b647f2bc1e8a","deviceDisconnection Alert for #7 - Centac - C750","40","activated",1,"2023-11-30 15:14:49.071114",NULL,"2023-11-30 15:14:49.071114",False,"deviceDisconnection","9c07a57a-d6f1-492d-a2dc-d2862965a33d","3aabb2a0-ee2e-4267-91a8-86d98c977434","ca84a25c-a9fa-47ac-9895-37d3ef4a8a49","a533549e-742c-4b3f-9b41-7344ea9b8143",NULL
"8a971119-ea33-4427-a8f7-b78f3dfeb08e","ecoboxDisconnection Alert for A - compressors","40","activated",1,"2023-11-30 15:14:49.64647",NULL,"2023-11-30 15:14:49.64647",False,"ecoboxDisconnection","129ece3d-f5f3-4a4d-9980-1297481e2c1c","3aabb2a0-ee2e-4267-91a8-86d98c977434","ca84a25c-a9fa-47ac-9895-37d3ef4a8a49","a533549e-742c-4b3f-9b41-7344ea9b8143",NULL
"86ae68c9-0f0d-4017-9559-d3fe8ffaf0a4","ecoboxDisconnection Alert for A - sensors","40","activated",1,"2023-11-30 15:14:49.646752",NULL,"2023-11-30 15:14:49.646752",False,"ecoboxDisconnection","4d561ca4-f5f9-4e58-8683-680f624a7f07","3aabb2a0-ee2e-4267-91a8-86d98c977434","ca84a25c-a9fa-47ac-9895-37d3ef4a8a49","a533549e-742c-4b3f-9b41-7344ea9b8143",NULL
"37d654c3-571c-4178-bff2-71cafcd392be","deviceDisconnection Alert for #2 - Flow","40","activated",1,"2023-11-30 15:14:49.743694",NULL,"2023-11-30 15:14:49.743694",False,"deviceDisconnection","d9684f10-8cd7-44ec-934f-f6b27f85ec2b","3aabb2a0-ee2e-4267-91a8-86d98c977434","ca84a25c-a9fa-47ac-9895-37d3ef4a8a49","a533549e-742c-4b3f-9b41-7344ea9b8143",NULL
"01a260ef-4548-40b4-8e18-feb0afe29111","ecoboxDisconnection Alert for C - sensors","40","activated",1,"2023-11-30 15:14:49.7493",NULL,"2023-11-30 15:14:49.7493",False,"ecoboxDisconnection","fe1893ae-9ba0-438c-86e9-34f37944f8d0","3aabb2a0-ee2e-4267-91a8-86d98c977434","ca84a25c-a9fa-47ac-9895-37d3ef4a8a49","a533549e-742c-4b3f-9b41-7344ea9b8143",NULL
"2da37903-1305-4efb-92f4-93d53372f892","ecoboxDisconnection Alert for C - compressors","40","activated",1,"2023-11-30 15:14:49.757716",NULL,"2023-11-30 15:14:49.757716",False,"ecoboxDisconnection","ac172a82-63f8-4275-a9f6-4dc2483879ca","3aabb2a0-ee2e-4267-91a8-86d98c977434","ca84a25c-a9fa-47ac-9895-37d3ef4a8a49","a533549e-742c-4b3f-9b41-7344ea9b8143",NULL
"f4c27333-ddfe-4dc3-9617-ac7074057a78","deviceDisconnection Alert for #2 - Pressure","40","activated",1,"2023-11-30 15:14:49.806358",NULL,"2023-11-30 15:14:49.806358",False,"deviceDisconnection","f7dc82e2-5cb8-4337-94db-02a6ccd21789","3aabb2a0-ee2e-4267-91a8-86d98c977434","ca84a25c-a9fa-47ac-9895-37d3ef4a8a49","a533549e-742c-4b3f-9b41-7344ea9b8143",NULL
"899c6b0c-0251-491f-be3a-9d8e336e2d9d","deviceDisconnection Alert for #2 - Dew Point","40","activated",1,"2023-11-30 15:14:49.859574",NULL,"2023-11-30 15:14:49.859574",False,"deviceDisconnection","254bf7a7-b31a-4fb8-b236-2953f0d44b4e","3aabb2a0-ee2e-4267-91a8-86d98c977434","ca84a25c-a9fa-47ac-9895-37d3ef4a8a49","a533549e-742c-4b3f-9b41-7344ea9b8143",NULL
"471ffb04-8ff8-438c-863a-e0cc0e0d530c","deviceDisconnection Alert for #1 - IRN200H ","40","activated",1,"2023-12-03 14:06:56.395925",NULL,"2023-12-03 14:06:56.395925",False,"deviceDisconnection","9389e8c8-6c5b-47c8-8afd-486124ba4252","7cb61346-0553-49fe-b3d9-8a971761f38c","7ba9dac4-610e-4e09-9c3e-47500a6574ad","92ea7f51-3087-4358-892c-7f013bd231d3",NULL
"1611dd3d-36bc-4966-a112-95a3771d1bcf","deviceDisconnection Alert for #2 - IRH250W","40","activated",1,"2023-12-03 14:06:56.528661",NULL,"2023-12-03 14:06:56.528661",False,"deviceDisconnection","9d2e86a6-5f1b-4f30-ba52-9d5b5bd1a88e","7cb61346-0553-49fe-b3d9-8a971761f38c","7ba9dac4-610e-4e09-9c3e-47500a6574ad","92ea7f51-3087-4358-892c-7f013bd231d3",NULL
"4729d76b-ccf8-461e-915c-b8bd3258d857","deviceDisconnection Alert for #3 - IRN200H","40","activated",1,"2023-12-03 14:06:57.157334",NULL,"2023-12-03 14:06:57.157334",False,"deviceDisconnection","fa661f03-6c31-497e-a121-2974d9d42013","7cb61346-0553-49fe-b3d9-8a971761f38c","7ba9dac4-610e-4e09-9c3e-47500a6574ad","92ea7f51-3087-4358-892c-7f013bd231d3",NULL
"d59147f6-ace1-4ac2-8643-5c7354268929","deviceDisconnection Alert for #1 - Power","40","activated",1,"2023-12-03 14:06:58.187138",NULL,"2023-12-03 14:06:58.187138",False,"deviceDisconnection","9dadd15b-9281-4e46-aa8b-c5c27fd05fa8","7cb61346-0553-49fe-b3d9-8a971761f38c","7ba9dac4-610e-4e09-9c3e-47500a6574ad","92ea7f51-3087-4358-892c-7f013bd231d3",NULL
"21eaa632-3c36-4ccd-8534-61ac428d31fb","deviceDisconnection Alert for #2 - Power","40","activated",1,"2023-12-03 14:06:58.396935",NULL,"2023-12-03 14:06:58.396935",False,"deviceDisconnection","b87d4120-b2a1-421d-ab63-994ecd3175c8","7cb61346-0553-49fe-b3d9-8a971761f38c","7ba9dac4-610e-4e09-9c3e-47500a6574ad","92ea7f51-3087-4358-892c-7f013bd231d3",NULL
"7ea3cf10-a5d9-40e4-b002-fc52873865ee","deviceDisconnection Alert for #3 - Power","40","activated",1,"2023-12-03 14:06:58.616807",NULL,"2023-12-03 14:06:58.616807",False,"deviceDisconnection","c2ba89df-6845-4b5e-8ba6-b544f859d910","7cb61346-0553-49fe-b3d9-8a971761f38c","7ba9dac4-610e-4e09-9c3e-47500a6574ad","92ea7f51-3087-4358-892c-7f013bd231d3",NULL
"c58a1d0a-2dcf-40ec-a6eb-52cc5c6927bd","ecoboxDisconnection Alert for C - LP Comp","40","activated",1,"2023-12-03 14:06:59.223459",NULL,"2023-12-03 14:06:59.223459",False,"ecoboxDisconnection","0d3cb5eb-81eb-4693-8541-ec2c3cafbf6e","7cb61346-0553-49fe-b3d9-8a971761f38c","7ba9dac4-610e-4e09-9c3e-47500a6574ad","92ea7f51-3087-4358-892c-7f013bd231d3",NULL
"061f439c-7941-42be-bd34-664d1845b4d8","ecoboxDisconnection Alert for C - LP Sensors","40","activated",1,"2023-12-03 14:06:59.274819",NULL,"2023-12-03 14:06:59.274819",False,"ecoboxDisconnection","4bfe7140-b21d-464b-8a63-be3e4fd916ac","7cb61346-0553-49fe-b3d9-8a971761f38c","7ba9dac4-610e-4e09-9c3e-47500a6574ad","92ea7f51-3087-4358-892c-7f013bd231d3",NULL
"98a1c6ee-150a-44f0-b092-45628c0a6c45","deviceDisconnection Alert for #2 - Flow","40","activated",1,"2023-12-03 14:06:59.301702",NULL,"2023-12-03 14:06:59.301702",False,"deviceDisconnection","4e5160a2-3c3a-441f-8355-1ed8a95fb3ac","7cb61346-0553-49fe-b3d9-8a971761f38c","7ba9dac4-610e-4e09-9c3e-47500a6574ad","92ea7f51-3087-4358-892c-7f013bd231d3",NULL
"9a6a258e-a63f-436f-a677-841b1cb416dc","ecoboxDisconnection Alert for D - LP SPILL","40","activated",1,"2023-12-03 14:06:59.307026",NULL,"2023-12-03 14:06:59.307026",False,"ecoboxDisconnection","fb496ac9-c28d-4e7f-aa21-83ccfbd8803a","7cb61346-0553-49fe-b3d9-8a971761f38c","7ba9dac4-610e-4e09-9c3e-47500a6574ad","92ea7f51-3087-4358-892c-7f013bd231d3",NULL
"4ac18bdc-078e-4cfd-bc49-186746d84d86","deviceDisconnection Alert for #1 - Flow","40","activated",1,"2023-12-03 14:06:59.345683",NULL,"2023-12-03 14:06:59.345683",False,"deviceDisconnection","34538244-8a89-415d-a474-715329c439ff","7cb61346-0553-49fe-b3d9-8a971761f38c","7ba9dac4-610e-4e09-9c3e-47500a6574ad","92ea7f51-3087-4358-892c-7f013bd231d3",NULL
"1a6fbaa9-c972-4108-b9a0-b43771946df4","deviceDisconnection Alert for #3 - Flow","40","activated",1,"2023-12-03 14:06:59.40253",NULL,"2023-12-03 14:06:59.40253",False,"deviceDisconnection","e71c792f-b953-4bfd-b4bf-2532f9f36439","7cb61346-0553-49fe-b3d9-8a971761f38c","7ba9dac4-610e-4e09-9c3e-47500a6574ad","92ea7f51-3087-4358-892c-7f013bd231d3",NULL
"809df248-2fcb-4c42-8f4f-77a2e569d611","deviceDisconnection Alert for #1 - Pressure","40","activated",1,"2023-12-03 14:06:59.459756",NULL,"2023-12-03 14:06:59.459756",False,"deviceDisconnection","785c354c-f6fa-424e-bcf5-ee12c72dd5ce","7cb61346-0553-49fe-b3d9-8a971761f38c","7ba9dac4-610e-4e09-9c3e-47500a6574ad","92ea7f51-3087-4358-892c-7f013bd231d3",NULL
"630c43c3-6d8e-4d6f-afc1-02e9687116b8","deviceDisconnection Alert for #2 - Pressure","40","activated",1,"2023-12-03 14:06:59.509844",NULL,"2023-12-03 14:06:59.509844",False,"deviceDisconnection","e781db27-5ef1-46fd-ab9d-eb884f52a455","7cb61346-0553-49fe-b3d9-8a971761f38c","7ba9dac4-610e-4e09-9c3e-47500a6574ad","92ea7f51-3087-4358-892c-7f013bd231d3",NULL
"52336b07-3cb2-47c5-9abf-492cca4da7b2","deviceDisconnection Alert for #3 - Pressure","40","activated",1,"2023-12-03 14:06:59.570468",NULL,"2023-12-03 14:06:59.570468",False,"deviceDisconnection","944e7ac0-54bd-4f57-920d-47aaae674a46","7cb61346-0553-49fe-b3d9-8a971761f38c","7ba9dac4-610e-4e09-9c3e-47500a6574ad","92ea7f51-3087-4358-892c-7f013bd231d3",NULL
"e5751b40-2b62-4458-9c3b-98ea952844ae","deviceDisconnection Alert for #1 - Dew Point","40","activated",1,"2023-12-03 14:06:59.631971",NULL,"2023-12-03 14:06:59.631971",False,"deviceDisconnection","f298522c-b615-4b38-9b60-8f2fda8a3bc8","7cb61346-0553-49fe-b3d9-8a971761f38c","7ba9dac4-610e-4e09-9c3e-47500a6574ad","92ea7f51-3087-4358-892c-7f013bd231d3",NULL
"9695d767-f4ac-4271-9846-9de0cf92d67e","deviceDisconnection Alert for #2 - Dew Point","40","activated",1,"2023-12-03 14:06:59.681487",NULL,"2023-12-03 14:06:59.681487",False,"deviceDisconnection","b519b882-68b3-4e45-87d3-13d909a10d85","7cb61346-0553-49fe-b3d9-8a971761f38c","7ba9dac4-610e-4e09-9c3e-47500a6574ad","92ea7f51-3087-4358-892c-7f013bd231d3",NULL
"b17f26ad-763c-4947-9618-0ec727454467","deviceDisconnection Alert for #3 - Dew Point","40","activated",1,"2023-12-03 14:06:59.731287",NULL,"2023-12-03 14:06:59.731287",False,"deviceDisconnection","b9a9f11b-c828-4c0f-b9e9-766ce7944a54","7cb61346-0553-49fe-b3d9-8a971761f38c","7ba9dac4-610e-4e09-9c3e-47500a6574ad","92ea7f51-3087-4358-892c-7f013bd231d3",NULL
"3fe577cb-d4ec-47b1-afd8-7b6f7d8ff724","deviceDisconnection Alert for #1 - ML200","40","activated",1,"2024-03-20 14:51:40.665305",NULL,"2024-03-20 14:51:40.665305",False,"deviceDisconnection","bf2ddf3a-8e90-41e4-a81e-f1f75910504f","a22101a4-5242-42f4-aa89-4ae71bb8378c","d50257b5-c9d9-4a65-b9cc-2f92951031e2","feeae65d-c3e4-4352-9b88-08acd12e3e9a",NULL
"f4b8c13a-2bf2-42f2-aa75-bbcd27221249","deviceDisconnection Alert for #2 - RSe290ne","40","activated",1,"2024-03-20 14:51:40.691411",NULL,"2024-03-20 14:51:40.691411",False,"deviceDisconnection","917396a5-f130-47fd-831f-edd14c3e706c","a22101a4-5242-42f4-aa89-4ae71bb8378c","d50257b5-c9d9-4a65-b9cc-2f92951031e2","feeae65d-c3e4-4352-9b88-08acd12e3e9a",NULL
"89b8f67f-2ebd-4a5f-ad57-246bf8226321","deviceDisconnection Alert for #3 - RSe290ie","40","activated",1,"2024-03-20 14:51:41.284945",NULL,"2024-03-20 14:51:41.284945",False,"deviceDisconnection","6b252711-5dbc-47f2-ad7a-3b4f34fc73ff","a22101a4-5242-42f4-aa89-4ae71bb8378c","d50257b5-c9d9-4a65-b9cc-2f92951031e2","feeae65d-c3e4-4352-9b88-08acd12e3e9a",NULL
"ad675886-aa08-4533-892e-304bff2ce023","deviceDisconnection Alert for #4 - RSe290ie","40","activated",1,"2024-03-20 14:51:41.584472",NULL,"2024-03-20 14:51:41.584472",False,"deviceDisconnection","4af5b9be-b5b5-4c14-86dd-6d85e7f37dd0","a22101a4-5242-42f4-aa89-4ae71bb8378c","d50257b5-c9d9-4a65-b9cc-2f92951031e2","feeae65d-c3e4-4352-9b88-08acd12e3e9a",NULL
"164a022c-bbda-4726-baff-c73d9bfe9f24","deviceDisconnection Alert for #5 - ML250-2s","40","activated",1,"2024-03-20 14:51:41.769741",NULL,"2024-03-20 14:51:41.769741",False,"deviceDisconnection","4f7176b5-0113-490e-98ce-7682e1a885f3","a22101a4-5242-42f4-aa89-4ae71bb8378c","d50257b5-c9d9-4a65-b9cc-2f92951031e2","feeae65d-c3e4-4352-9b88-08acd12e3e9a",NULL
"3f074ade-e5b7-411b-a675-ae626e711391","deviceDisconnection Alert for Dew Point","40","activated",1,"2024-03-20 14:51:42.062768",NULL,"2024-03-20 14:51:42.062768",False,"deviceDisconnection","5cb71771-c587-4423-a2bd-2d07e183c832","a22101a4-5242-42f4-aa89-4ae71bb8378c","d50257b5-c9d9-4a65-b9cc-2f92951031e2","feeae65d-c3e4-4352-9b88-08acd12e3e9a",NULL
"f63abf3d-da55-4bef-912c-4f575d7181fc","deviceDisconnection Alert for Flow","40","activated",1,"2024-03-20 14:51:42.320716",NULL,"2024-03-20 14:51:42.320716",False,"deviceDisconnection","c39546d9-c125-4c58-a91d-95216bc25134","a22101a4-5242-42f4-aa89-4ae71bb8378c","d50257b5-c9d9-4a65-b9cc-2f92951031e2","feeae65d-c3e4-4352-9b88-08acd12e3e9a",NULL
"083228e8-95b7-4a4c-8d64-3ac7668eb4e8","deviceDisconnection Alert for Pressure","40","activated",1,"2024-03-20 14:51:42.355267",NULL,"2024-03-20 14:51:42.355267",False,"deviceDisconnection","edbb7409-c0b7-4983-9834-e1a6d4550677","a22101a4-5242-42f4-aa89-4ae71bb8378c","d50257b5-c9d9-4a65-b9cc-2f92951031e2","feeae65d-c3e4-4352-9b88-08acd12e3e9a",NULL
"c96a5490-c013-4cca-ad16-1fb3b3f1a827","ecoboxDisconnection Alert for 1A","40","activated",1,"2024-03-20 14:51:42.746101",NULL,"2024-03-20 14:51:42.746101",False,"ecoboxDisconnection","20557bf2-6fd9-4d87-8d6d-c9f54b65d007","a22101a4-5242-42f4-aa89-4ae71bb8378c","d50257b5-c9d9-4a65-b9cc-2f92951031e2","feeae65d-c3e4-4352-9b88-08acd12e3e9a",NULL
"71e22291-c460-43f8-9e64-60a5d55f0a65","deviceDisconnection Alert for #4 - Power","40","activated",1,"2024-03-20 14:51:42.772828",NULL,"2024-03-20 14:51:42.772828",False,"deviceDisconnection","a8b1c35c-40fb-4451-bbc5-9def61831d15","a22101a4-5242-42f4-aa89-4ae71bb8378c","d50257b5-c9d9-4a65-b9cc-2f92951031e2","feeae65d-c3e4-4352-9b88-08acd12e3e9a",NULL
"5b770e83-6b6b-4a31-96a7-5a61e5e88cfc","ecoboxDisconnection Alert for 1B","40","activated",1,"2024-03-20 14:51:42.829922",NULL,"2024-03-20 14:51:42.829922",False,"ecoboxDisconnection","e7689235-bc94-4830-9fad-5d950c5f9fac","a22101a4-5242-42f4-aa89-4ae71bb8378c","d50257b5-c9d9-4a65-b9cc-2f92951031e2","feeae65d-c3e4-4352-9b88-08acd12e3e9a",NULL
"051c7074-8ab0-42da-a89d-dd94d7c16020","deviceDisconnection Alert for #5 - Power","40","activated",1,"2024-03-20 14:51:42.884684",NULL,"2024-03-20 14:51:42.884684",False,"deviceDisconnection","3a4d2a0a-c294-4bb3-96ac-ddc423969d8c","a22101a4-5242-42f4-aa89-4ae71bb8378c","d50257b5-c9d9-4a65-b9cc-2f92951031e2","feeae65d-c3e4-4352-9b88-08acd12e3e9a",NULL
"e497b3bf-1ae8-4f11-a0ad-518b09c6dd74","deviceDisconnection Alert for #1 - Power","40","activated",1,"2024-03-20 14:51:42.61559",NULL,"2024-03-20 14:51:42.61559",False,"deviceDisconnection","622a3efa-6fc0-4379-9db6-07551ca86e2b","a22101a4-5242-42f4-aa89-4ae71bb8378c","d50257b5-c9d9-4a65-b9cc-2f92951031e2","feeae65d-c3e4-4352-9b88-08acd12e3e9a",NULL
"b0cd345c-78e3-4f0c-beb3-4a22b686674e","deviceDisconnection Alert for #2 - Power","40","activated",1,"2024-03-20 14:51:42.622246",NULL,"2024-03-20 14:51:42.622246",False,"deviceDisconnection","54b1a281-909b-42a1-bfc9-900a77bc468b","a22101a4-5242-42f4-aa89-4ae71bb8378c","d50257b5-c9d9-4a65-b9cc-2f92951031e2","feeae65d-c3e4-4352-9b88-08acd12e3e9a",NULL
"29247a71-2cc9-4784-beee-1dc838ac8426","deviceDisconnection Alert for #3 - Power","40","activated",1,"2024-03-20 14:51:42.82938",NULL,"2024-03-20 14:51:42.82938",False,"deviceDisconnection","a752832d-0812-492e-a2e0-5b6f90363541","a22101a4-5242-42f4-aa89-4ae71bb8378c","d50257b5-c9d9-4a65-b9cc-2f92951031e2","feeae65d-c3e4-4352-9b88-08acd12e3e9a",NULL
"466fea63-266c-4d61-8e7d-b8f965479d7a","ecoboxDisconnection Alert for 1A - Main","40","activated",1,"2024-04-08 13:01:07.925559",NULL,"2024-04-08 13:01:07.925559",False,"ecoboxDisconnection","8dc79866-cc77-48a5-b157-6569708b7818","a22101a4-5242-42f4-aa89-4ae71bb8378c","d50257b5-c9d9-4a65-b9cc-2f92951031e2","feeae65d-c3e4-4352-9b88-08acd12e3e9a",NULL
"40a1671c-d692-4317-b96d-e9bb886f4d05","ecoboxDisconnection Alert for 1B - backup","40","activated",1,"2024-04-08 13:01:07.984361",NULL,"2024-04-08 13:01:07.984361",False,"ecoboxDisconnection","0eed7de5-cc81-4c69-a56b-3fc9e010a9ed","a22101a4-5242-42f4-aa89-4ae71bb8378c","d50257b5-c9d9-4a65-b9cc-2f92951031e2","feeae65d-c3e4-4352-9b88-08acd12e3e9a",NULL
"fe47f191-c056-4f26-b385-d711e83c16d6","deviceDisconnection Alert for Digirail 4C","40","activated",1,"2024-06-06 08:09:44.298902",NULL,"2024-06-06 08:09:44.298902",False,"deviceDisconnection","9e893da0-0de6-4f6d-8d77-2e620ca166c3","a22101a4-5242-42f4-aa89-4ae71bb8378c","d50257b5-c9d9-4a65-b9cc-2f92951031e2","feeae65d-c3e4-4352-9b88-08acd12e3e9a",NULL
"4bbb8640-63e3-4903-9aab-94ba8f96a3d0","ecoboxDisconnection Alert for 6A HP","40","activated",1,"2024-06-25 17:58:58.82992",NULL,"2024-06-25 17:58:58.82992",False,"ecoboxDisconnection","bdbb6a60-e579-46e4-aed8-2f04ae02a846","3aabb2a0-ee2e-4267-91a8-86d98c977434","ca84a25c-a9fa-47ac-9895-37d3ef4a8a49","a533549e-742c-4b3f-9b41-7344ea9b8143",NULL
